{
  "properties": {
    "title": "Top 10 Opportunities",
    "value": 10
  },
  "data": [
    {
      "id": "e424dc4d-17ec-729f-d37c-515586c512ef",
      "x": "2013-01-05",
      "y": 543839,
      "shape": "circle",
      "account_name": "A.D. Importing Company Inc",
      "assigned_user_name": "Max Jensen",
      "sales_stage": "Id. Decision Makers",
      "probability": 40,
      "base_amount": 489455,
      "currency_symbol": "$",
      "color": "#FFBB78",
      "classes": "nv-fill03"
    },
    {
      "id": "7918196d-1aff-103d-7e85-515586a9a701",
      "x": "2013-01-15",
      "y": 464387,
      "shape": "circle",
      "account_name": "JAB Funds Ltd.",
      "assigned_user_name": "Sally Bronsen",
      "sales_stage": "Needs Analysis",
      "probability": 10,
      "base_amount": 464387,
      "currency_symbol": "$",
      "color": "#AEC7E8",
      "classes": "nv-fill01"
    },
    {
      "id": "e1f66689-eca4-5523-c41e-51558685d8e2",
      "x": "2013-01-30",
      "y": 460707,
      "shape": "circle",
      "account_name": "NW Capital Corp",
      "assigned_user_name": "Chris Olliver",
      "sales_stage": "Closed Won",
      "probability": 70,
      "base_amount": 460707,
      "currency_symbol": "$",
      "color": "#FF9896",
      "classes": "nv-fill07"
    },
    {
      "id": "93515706-373a-a117-d910-515586c122d0",
      "x": "2013-02-05",
      "y": 488481,
      "shape": "circle",
      "account_name": "EEE Endowments LTD",
      "assigned_user_name": "Sarah Smith",
      "sales_stage": "Id. Decision Makers",
      "probability": 10,
      "base_amount": 439633,
      "currency_symbol": "$",
      "color": "#AEC7E8",
      "classes": "nv-fill01"
    },
    {
      "id": "63d2550e-3253-d1d0-a407-5155860fb790",
      "x": "2013-02-15",
      "y": 423856,
      "shape": "circle",
      "account_name": "A.G. Parr PLC",
      "assigned_user_name": "Sarah Smith",
      "sales_stage": "Value Proposition",
      "probability": 90,
      "base_amount": 423856,
      "currency_symbol": "$",
      "color": "#C5B0D5",
      "classes": "nv-fill09"
    },
    {
      "id": "78d90ade-c0d4-2483-a0b9-515586405985",
      "x": "2013-02-25",
      "y": 414137,
      "shape": "circle",
      "account_name": "Overhead & Underfoot Ltd.",
      "assigned_user_name": "Max Jensen",
      "sales_stage": "Prospecting",
      "probability": 10,
      "base_amount": 414137,
      "currency_symbol": "$",
      "color": "#AEC7E8",
      "classes": "nv-fill01"
    },
    {
      "id": "c37831ef-6fa9-c085-14a1-5155866cfc77",
      "x": "2013-03-10",
      "y": 404513,
      "shape": "circle",
      "account_name": "Green Tractor Group Limited",
      "assigned_user_name": "Chris Olliver",
      "sales_stage": "Value Proposition",
      "probability": 90,
      "base_amount": 404513,
      "currency_symbol": "$",
      "color": "#C5B0D5",
      "classes": "nv-fill09"
    },
    {
      "id": "cfeeb365-a552-89b6-7b4d-515586e5a02b",
      "x": "2013-03-25",
      "y": 397978,
      "shape": "circle",
      "account_name": "Waverly Trading House",
      "assigned_user_name": "Jim Brennan",
      "sales_stage": "Perception Analysis",
      "probability": 10,
      "base_amount": 397978,
      "currency_symbol": "$",
      "color": "#AEC7E8",
      "classes": "nv-fill01"
    },
    {
      "id": "9f1af2a8-5543-f21d-2abe-515586f18ae8",
      "x": "2013-03-30",
      "y": 392750,
      "shape": "circle",
      "account_name": "B.H. Edwards Inc",
      "assigned_user_name": "Sarah Smith",
      "sales_stage": "Perception Analysis",
      "probability": 70,
      "base_amount": 392750,
      "currency_symbol": "$",
      "color": "#FF9896",
      "classes": "nv-fill07"
    },
    {
      "id": "3afd7d5c-d5f4-547a-81b6-5155869d9161",
      "x": "2013-03-31",
      "y": 373486,
      "shape": "circle",
      "account_name": "Union Bank",
      "assigned_user_name": "Will Westin",
      "sales_stage": "Closed Won",
      "probability": 40,
      "base_amount": 373486,
      "currency_symbol": "$",
      "color": "#FFBB78",
      "classes": "nv-fill03"
    }
  ]
}
