{
  "properties": {
    "title": "Pipeline total is $675k",
    "total": 675,
    "scale": 1000,
    "units": "$"
  },
  "data": [
    {
      "key": "Negotiation/Review",
      "count": 3,
      "color": "#d62728",
      "classes": "nv-fill12",
      "values": [
        {"series": 0, "x": 0, "y": 75,  "y0": 0}
      ]
    },
    {
      "key": "Proposal/PriceQuote",
      "count": 5,
      "color": "#98df8a",
      "classes": "nv-fill10",
      "values": [
        {"series": 1, "x": 0, "y": 110,  "y0":  75}
      ]
    },
    {
      "key": "Perception Analysis",
      "count": 1,
      "color": "#2ca02c",
      "classes": "nv-fill08",
      "values": [
        {"series": 2, "x": 0, "y": 125, "y0": 185}
      ]
    },
    {
      "key": "Id. Decision Makers",
      "count": 6,
      "color": "#ffbb78",
      "classes": "nv-fill06",
      "values": [
        {"series": 3, "x": 0, "y": 85, "y0": 310}
      ]
    },
    {
      "key": "Value Proposition",
      "count": 2,
      "color": "#ff7f0e",
      "classes": "nv-fill04",
      "values": [
        {"series": 4, "x": 0, "y": 60, "y0": 395}
      ]
    },
    {
      "key": "Qualification",
      "count": 8,
      "color": "#aec7e8",
      "classes": "nv-fill02",
      "values": [
        {"series": 5, "x": 0, "y": 110, "y0": 455}
      ]
    },
    {
      "key": "Prospecting",
      "count": 10,
      "color": "#1f77b4",
      "classes": "nv-fill00",
      "values": [
        {"series": 6, "x": 0, "y": 110, "y0": 565}
      ]
    }
  ]
}
