{
  "properties": {
    "title": "Horizontal Bar Chart with Baseline"
  },
  "data": [
    {
      "key": "Short",
      "color": "#d62728",
      "classes": "nv-fill00",
      "values": [
        {
          "label" : "Info Tech" ,
          "value" : -1.8746444827653
        } ,
        {
          "label" : "Discretionary" ,
          "value" : -8.0961543492239
        } ,
        {
          "label" : "Health Care" ,
          "value" : -0.57072943117674
        } ,
        {
          "label" : "Consumer" ,
          "value" : -2.4174010336624
        } ,
        {
          "label" : "Financials" ,
          "value" : -0.72009071426284
        } ,
        {
          "label" : "Industrials" ,
          "value" : -0.77154485523777
        } ,
        {
          "label" : "Energy" ,
          "value" : -0.90152097798131
        } ,
        {
          "label" : "Materials" ,
          "value" : -0.91445417330854
        } ,
        {
          "label" : "Telecomm" ,
          "value" : -0.055746319141851
        }
      ]
    },
    {
      "key": "Long",
      "color": "#1f77b4",
      "classes": "nv-fill02",
      "values": [
        {
          "label" : "Info Tech" ,
          "value" : 25.307646510375
        } ,
        {
          "label" : "Discretionary" ,
          "value" : 16.756779544553
        } ,
        {
          "label" : "Health Care" ,
          "value" : 18.451534877007
        } ,
        {
          "label" : "Consumer" ,
          "value" : 8.6142352811805
        } ,
        {
          "label" : "Financials" ,
          "value" : 7.8082472075876
        } ,
        {
          "label" : "Industrials" ,
          "value" : 5.259101026956
        } ,
        {
          "label" : "Energy" ,
          "value" : 0.30947953487127
        } ,
        {
          "label" : "Materials" ,
          "value" : 0
        } ,
        {
          "label" : "Telecomm" ,
          "value" : 0
        }
      ]
    }
  ]
}
