{
  "properties": {
    "name": " for 2014 Q1",
    "quota": 15084.728889,
    "quotaLabel": "Quota",
    "groupData": [
      {
        "group": 0,
        "l": "January 2014",
        "t": 0
      },
      {
        "group": 1,
        "l": "February 2014",
        "t": 0
      },
      {
        "group": 2,
        "l": "March 2014",
        "t": 24762.444445
      }
    ]
  },
  "data": [
    {
      "key": 80,
      "series": 0,
      "type": "bar",
      "values": [
        {
          "series": 0,
          "x": 1,
          "y": 0,
          "y0": 0
        },
        {
          "series": 0,
          "x": 2,
          "y": 0,
          "y0": 0
        },
        {
          "series": 0,
          "x": 3,
          "y": 12133.555556,
          "y0": 0
        }
      ],
      "valuesOrig": [
        {
          "series": 0,
          "x": 1,
          "y": 0,
          "y0": 0
        },
        {
          "series": 0,
          "x": 2,
          "y": 0,
          "y0": 0
        },
        {
          "series": 0,
          "x": 3,
          "y": 12133.555556,
          "y0": 0
        }
      ]
    },
    {
      "key": 100,
      "series": 1,
      "type": "bar",
      "values": [
        {
          "series": 1,
          "x": 1,
          "y": 0,
          "y0": 0
        },
        {
          "series": 1,
          "x": 2,
          "y": 0,
          "y0": 0
        },
        {
          "series": 1,
          "x": 3,
          "y": 12628.888889,
          "y0": 0
        }
      ],
      "valuesOrig": [
        {
          "series": 1,
          "x": 1,
          "y": 0,
          "y0": 0
        },
        {
          "series": 1,
          "x": 2,
          "y": 0,
          "y0": 0
        },
        {
          "series": 1,
          "x": 3,
          "y": 12628.888889,
          "y0": 0
        }
      ]
    },
    {
      "key": "Likely",
      "type": "line",
      "series": 0,
      "values": [
        {
          "series": 0,
          "x": 1,
          "y": 0
        },
        {
          "series": 0,
          "x": 2,
          "y": 0
        },
        {
          "series": 0,
          "x": 3,
          "y": 24762.444445
        }
      ],
      "valuesOrig": [
        {
          "series": 0,
          "x": 1,
          "y": 0
        },
        {
          "series": 0,
          "x": 2,
          "y": 0
        },
        {
          "series": 0,
          "x": 3,
          "y": 24762.444445
        }
      ]
    }
  ]
}
