{
  "properties": {
    "title": "All Opportunities by Lead Source"
  },
  "data": [
    {
      "key": "Undefined"
      , "value": 100
      , "color": "#ba52d6"
      , "classes": "nv-fill14"
    },
    {
      "key": "Cold Call"
      , "value": 100
      , "color": "#d62728"
      , "classes": "nv-fill12"
    },
    {
      "key": "Existing Customer"
      , "value": 75
      , "color": "#98df8a"
      , "classes": "nv-fill10"
    },
    {
      "key": "Self Generated"
      , "value": 150
      , "color": "#2ca02c"
      , "classes": "nv-fill08"
    },
    {
      "key": "Employee"
      , "value": 160
      , "color": "#ffbb78"
      , "classes": "nv-fill06"
    },
    {
      "key": "Partner"
      , "value": 100
      , "color": "#ff7f0e"
      , "classes": "nv-fill04"
    },
    {
      "key": "Public Relations"
      , "value": 145
      , "color": "#aec7e8"
      , "classes": "nv-fill02"
    },
    {
      "key": "Other"
      , "value": 25
      , "color": "#1f77b4"
      , "classes": "nv-fill00"
    }
  ]
}
