{"nodes":[

{"name":"New"},
{"name":"Assigned"},
{"name":"In Process"},
{"name":"Converted"},
{"name":"Recycled"},

{"name":"Cold Call"},
{"name":"Existing Customer"},
{"name":"Self Generated"},
{"name":"Employee"},
{"name":"Partner"},

{"name":"Prospecting"},
{"name":"Qualification"},
{"name":"Needs Analysis"},
{"name":"Value Proposition"},
{"name":"Id. Decision Makers"},
{"name":"Perception Analysis"},
{"name":"Proposal/Price Quote"},
{"name":"Negotiation/Review"},
{"name":"Closed Won"},
{"name":"Closed Lost"},

{"name":"Chris Olliver"},
{"name":"Jim Brennan"},
{"name":"Max Jenson"},
{"name":"Sally Bronsen"},
{"name":"Sarah Smith"},
{"name":"Will Westin"}
],
"links":[

{"source":0,"target":5,"value":40},
{"source":0,"target":6,"value":15},
{"source":0,"target":7,"value":15},
{"source":0,"target":8,"value":10},
{"source":0,"target":9,"value":25},

{"source":1,"target":5,"value":20},
{"source":1,"target":6,"value":10},
{"source":1,"target":7,"value":15},
{"source":1,"target":8,"value":10},
{"source":1,"target":9,"value":5},

{"source":2,"target":5,"value":40},
{"source":2,"target":6,"value":30},
{"source":2,"target":7,"value":30},
{"source":2,"target":8,"value":20},
{"source":2,"target":9,"value":80},

{"source":3,"target":5,"value":80},
{"source":3,"target":6,"value":60},
{"source":3,"target":7,"value":60},
{"source":3,"target":8,"value":40},
{"source":3,"target":9,"value":160},

{"source":4,"target":5,"value":20},
{"source":4,"target":6,"value":5},
{"source":4,"target":7,"value":5},
{"source":4,"target":8,"value":10},
{"source":4,"target":9,"value":40},

{"source":5,"target":10,"value":60},
{"source":5,"target":11,"value":30},
{"source":5,"target":12,"value":30},
{"source":5,"target":13,"value":20},
{"source":5,"target":14,"value":20},
{"source":5,"target":15,"value":10},
{"source":5,"target":16,"value":10},
{"source":5,"target":17,"value":10},
{"source":5,"target":18,"value":5},
{"source":5,"target":19,"value":5},

{"source":6,"target":10,"value":5},
{"source":6,"target":11,"value":5},
{"source":6,"target":12,"value":5},
{"source":6,"target":13,"value":5},
{"source":6,"target":14,"value":15},
{"source":6,"target":15,"value":20},
{"source":6,"target":16,"value":20},
{"source":6,"target":17,"value":15},
{"source":6,"target":18,"value":20},
{"source":6,"target":19,"value":10},

{"source":7,"target":10,"value":1},
{"source":7,"target":11,"value":5},
{"source":7,"target":12,"value":6},
{"source":7,"target":13,"value":9},
{"source":7,"target":14,"value":15},
{"source":7,"target":15,"value":20},
{"source":7,"target":16,"value":20},
{"source":7,"target":17,"value":15},
{"source":7,"target":18,"value":24},
{"source":7,"target":19,"value":10},

{"source":8,"target":10,"value":5},
{"source":8,"target":11,"value":3},
{"source":8,"target":12,"value":6},
{"source":8,"target":13,"value":9},
{"source":8,"target":14,"value":8},
{"source":8,"target":15,"value":11},
{"source":8,"target":16,"value":18},
{"source":8,"target":17,"value":10},
{"source":8,"target":18,"value":15},
{"source":8,"target":19,"value":5},

{"source":9,"target":10,"value":20},
{"source":9,"target":11,"value":15},
{"source":9,"target":12,"value":30},
{"source":9,"target":13,"value":45},
{"source":9,"target":14,"value":30},
{"source":9,"target":15,"value":50},
{"source":9,"target":16,"value":40},
{"source":9,"target":17,"value":30},
{"source":9,"target":18,"value":40},
{"source":9,"target":19,"value":10},

{"source":10,"target":20,"value":15},
{"source":10,"target":21,"value":12},
{"source":10,"target":22,"value":22},
{"source":10,"target":23,"value":26},
{"source":10,"target":24,"value":10},
{"source":10,"target":25,"value":6},

{"source":11,"target":20,"value":8},
{"source":11,"target":21,"value":6},
{"source":11,"target":22,"value":13},
{"source":11,"target":23,"value":17},
{"source":11,"target":24,"value":8},
{"source":11,"target":25,"value":6},

{"source":12,"target":20,"value":9},
{"source":12,"target":21,"value":8},
{"source":12,"target":22,"value":18},
{"source":12,"target":23,"value":21},
{"source":12,"target":24,"value":9},
{"source":12,"target":25,"value":12},

{"source":13,"target":20,"value":12},
{"source":13,"target":21,"value":9},
{"source":13,"target":22,"value":20},
{"source":13,"target":23,"value":24},
{"source":13,"target":24,"value":11},
{"source":13,"target":25,"value":12},

{"source":14,"target":20,"value":12},
{"source":14,"target":21,"value":9},
{"source":14,"target":22,"value":20},
{"source":14,"target":23,"value":24},
{"source":14,"target":24,"value":11},
{"source":14,"target":25,"value":12},

{"source":15,"target":20,"value":16},
{"source":15,"target":21,"value":9},
{"source":15,"target":22,"value":33},
{"source":15,"target":23,"value":29},
{"source":15,"target":24,"value":11},
{"source":15,"target":25,"value":13},

{"source":16,"target":20,"value":22},
{"source":16,"target":21,"value":11},
{"source":16,"target":22,"value":37},
{"source":16,"target":23,"value":24},
{"source":16,"target":24,"value":6},
{"source":16,"target":25,"value":8},

{"source":17,"target":20,"value":12},
{"source":17,"target":21,"value":9},
{"source":17,"target":22,"value":20},
{"source":17,"target":23,"value":24},
{"source":17,"target":24,"value":5},
{"source":17,"target":25,"value":10},

{"source":18,"target":20,"value":19},
{"source":18,"target":21,"value":8},
{"source":18,"target":22,"value":36},
{"source":18,"target":23,"value":24},
{"source":18,"target":24,"value":9},
{"source":18,"target":25,"value":8},

{"source":19,"target":20,"value":6},
{"source":19,"target":21,"value":6},
{"source":19,"target":22,"value":12},
{"source":19,"target":23,"value":9},
{"source":19,"target":24,"value":4},
{"source":19,"target":25,"value":3}
]}
