{
    "id": 10000,
    "x0": 0,
    "y0": 0,
    "name": "Jim Brennan",
    "title": "VP Sales",
    "image": "avatar_james.jpg",
    "children": [
        {
            "id": 1,
            "name": "Sarah Smith",
            "title": "Sales Manager West",
            "image": "avatar_nate.jpg",
            "children": [
                {
                    "id": 2,
                    "name": "Max Jensen",
                    "title": "Senior Sales Rep",
                    "image": "",
                    "children": [
                        {
                            "id": 8,
                            "name": "Alex Jensen",
                            "title": "Field Sales Rep",
                            "image": "avatar_uwelcome.jpg",
                            "children": [
                                {
                                    "id": 13,
                                    "name": "Dave Smith",
                                    "title": "Sales Engineer",
                                    "image": "avatar_weyland.png"
                                }, {
                                    "id": 16,
                                    "name": "Jane Doe",
                                    "title": "Sales Engineer",
                                    "image": "avatar_weyland.png"
                                }
                            ]
                        }, {
                            "id": 19,
                            "name": "Felix Jensen",
                            "title": "Field Sales Rep",
                            "image": "avatar_uwelcome.jpg"
                        }
                    ]
                }, {
                    "id": 3,
                    "name": "Sally Bronsen",
                    "title": "Senior Account Rep",
                    "image": "avatar_sabra.jpg",
                    "children": [
                        {
                            "id": 5,
                            "name": "Alex Jensen",
                            "title": "Field Sales Rep",
                            "image": "avatar_mia.jpg",
                            "children": [
                                {
                                    "id": 7,
                                    "name": "Dave Smith",
                                    "title": "Sales Engineer",
                                    "image": "avatar_weyland.png"
                                }
                            ]
                        }
                    ]
                }, {
                    "id": 4,
                    "name": "Max Jensen",
                    "title": "Sales Rep",
                    "image": "avatar_sabra.jpg",
                    "children": [
                        {
                            "id": 17,
                            "name": "Alex Jensen",
                            "title": "Field Sales Rep",
                            "image": "avatar_uwelcome.jpg"
                        }, {
                            "id": 18,
                            "name": "Felix Jensen",
                            "title": "Field Sales Rep",
                            "image": "avatar_uwelcome.jpg"
                        }
                    ]
                }, {
                    "id": 9,
                    "name": "Sally Bronsen",
                    "title": "Senior Account Rep",
                    "image": "avatar_sabra.jpg",
                    "children": [
                        {
                            "id": 11,
                            "name": "Felix Jensen",
                            "title": "Field Sales Rep",
                            "image": "avatar_uwelcome.jpg"
                        }
                    ]
                }, {
                    "id": 14,
                    "name": "Max Jensen",
                    "title": "Sales Rep",
                    "image": "avatar_sabra.jpg"
                }, {
                    "id": 15,
                    "name": "Sally Bronsen",
                    "title": "Senior Account Rep",
                    "image": "avatar_sabra.jpg"
                }
            ]
        }, {
            "id": 6,
            "name": "Will Westin",
            "title": "Sales Manager East",
            "image": "avatar_nate.jpg",
            "children": [
                {
                    "id": 12,
                    "name": "Chris Olliver",
                    "title": "Senior Account Rep",
                    "image": "avatar_sabra.jpg"
                }
            ]
        }, {
            "id": 10,
            "name": "Jane Ganesh",
            "title": "Sales Manager Asia",
            "image": "avatar_mia.jpg"
        }
    ]
}
